step,avg_sinr,total_throughput,handover_count,coverage,regret,avg_load,cell_edge_rate,outage_prob,pingpong_rate,drone_handover_reduction,drone_positions,drone_rewards,avg_battery_pct,drones_active,drones_charging,drones_rtb,total_energy_consumed_wh,fleet_efficiency
0,17.220836178214686,670034.8987472916,0,73.33333333333333,0.0,5.454545454545454,22.880290645486497,0.0,0,0.0,"[(np.float64(1475.4875512074775), np.float64(848.6752220589026), np.float64(92.94204271829899)), (np.float64(1294.2043729946906), np.float64(1126.4031812400337), np.float64(81.4393867036332)), (np.float64(1747.1973827735562), np.float64(1565.7560221154654), np.float64(82.49630824284291)), (np.float64(261.9738619517615), np.float64(1763.348100456725), np.float64(63.80807497156638))]",0.0,0.7478029110465876,4,0,0,0.9237204088286485,201.4904114152865
1,12.648581484319418,346501.39818107337,0,62.5,324.0335005662189,5.454545454545454,20.08636157029131,0.0,0,0.0,"[(np.float64(1476.5913288225613), np.float64(848.4018796564314), np.float64(95.89854096985131)), (np.float64(1294.5624877331063), np.float64(1127.1209155390038), np.float64(82.800336027235)), (np.float64(1747.538661412336), np.float64(1562.507026999838), np.float64(80.59581469931749)), (np.float64(257.93180415638676), np.float64(1764.492746966584), np.float64(59.352462441564825))]",0.0,0.74733880144946,4,0,0,0.9282191942550926,103.6935984294891
2,14.388887933115543,388423.37438850716,0,76.66666666666667,606.1450249250042,5.454545454545454,22.880290645486497,0.0,0,0.0,"[(np.float64(1477.9972736686373), np.float64(850.9630766391698), np.float64(96.40852006999624)), (np.float64(1291.4866219764729), np.float64(1123.9862477052718), np.float64(82.2482047503816)), (np.float64(1745.5090981439387), np.float64(1562.6319617090082), np.float64(80.08348671237974)), (np.float64(259.041247207966), np.float64(1765.387007900127), np.float64(61.34787816028056))]",0.0,0.7468790563541057,4,0,0,0.9194901907088215,117.34261318373647
3,14.704076388798747,371856.2806955017,0,73.33333333333333,904.7736429767947,5.454545454545454,35.56125614222457,0.0,0,0.0,"[(np.float64(1478.9673140417735), np.float64(853.8808259982515), np.float64(93.45154064929875)), (np.float64(1291.9427047509157), np.float64(1123.6031943506684), np.float64(82.97887458534379)), (np.float64(1745.3875393389796), np.float64(1564.115803952905), np.float64(82.9478411463285)), (np.float64(261.30687904328204), np.float64(1769.095658336413), np.float64(61.960281752323425))]",0.0,0.7464173428237764,4,0,0,0.9234270606585042,111.85876579212068
4,12.274112192194519,310895.57543266605,0,57.49999999999999,1264.4629662914208,5.454545454545454,21.315307752354236,0.0,0,0.0,"[(np.float64(1477.6068934635382), np.float64(851.8953804911804), np.float64(92.63583369007466)), (np.float64(1289.2339236773253), np.float64(1124.6619374796514), np.float64(85.00298715578921)), (np.float64(1748.378725428955), np.float64(1564.0651247756857), np.float64(81.49786363120148)), (np.float64(260.2433077401857), np.float64(1769.094284026167), np.float64(64.5219472322725))]",0.0,0.7459559027789648,4,0,0,0.9228800896229358,93.57649280299654
5,12.854004383341502,343520.04180389765,41,66.66666666666666,1592.527823234815,5.454545454545454,25.446140400340624,0.0,134.14634146341464,0.0,"[(np.float64(1475.7653258485548), np.float64(853.3160848463342), np.float64(90.20303210936314)), (np.float64(1288.0306175450116), np.float64(1126.4972002678026), np.float64(84.30685927715867)), (np.float64(1749.2153212504281), np.float64(1563.3266894356743), np.float64(83.21732062825195)), (np.float64(258.88017627522396), np.float64(1766.0437208539136), np.float64(60.565963425296644))]",0.0,0.7454932701868902,4,0,0,0.925265184149185,103.12960594336015
6,10.889778003723544,281408.8058015098,2,63.33333333333333,1982.0539161805982,5.454545454545454,32.67684426558027,0.0,200.0,0.0,"[(np.float64(1478.7398048680398), np.float64(852.3555717555639), np.float64(90.49885654354166)), (np.float64(1284.95966530259), np.float64(1127.3414332502803), np.float64(83.53479210909423)), (np.float64(1750.227233913049), np.float64(1562.8192961317159), np.float64(83.40491596252824)), (np.float64(260.89132212686513), np.float64(1764.2846130180458), np.float64(61.606437286185965))]",0.0,0.7450346836091857,4,0,0,0.9171731554091758,85.22830423200541
7,12.365883911222314,404200.67254028964,4,65.83333333333333,2248.4881423876004,5.454545454545454,32.6172170394366,0.0,200.0,0.0,"[(np.float64(1477.6032165017984), np.float64(853.5191956410019), np.float64(90.92062600990936)), (np.float64(1284.7259286009933), np.float64(1125.5937160596177), np.float64(81.13077069620448)), (np.float64(1753.4716210721958), np.float64(1563.4887042434427), np.float64(83.79391141998171)), (np.float64(260.1072242602527), np.float64(1760.7906837852076), np.float64(62.030386631517125))]",0.0,0.7445750941637054,4,0,0,0.9191788909605504,122.15028619422864
8,12.32450882723757,485139.5094506603,8,64.16666666666667,2434.283531684232,5.454545454545454,26.39401684516203,0.0,200.0,0.0,"[(np.float64(1474.32244424175), np.float64(852.9864268875267), np.float64(90.1478705752462)), (np.float64(1284.2249015153202), np.float64(1125.3458092063888), np.float64(80.6208413111052)), (np.float64(1755.388159428462), np.float64(1555.7081691425378), np.float64(84.02124676315542)), (np.float64(260.7441415699268), np.float64(1761.7372542288665), np.float64(60.025409943507185))]",0.0,0.7441144434320827,4,0,0,0.9213014632454908,146.27239858349938
9,12.075604987042015,339429.6687325041,11,65.83333333333333,2765.98876169902,5.454545454545454,35.93842098009665,0.0,0.0,0.0,"[(np.float64(1475.4176649523647), np.float64(857.3982608817785), np.float64(91.89454788256684)), (np.float64(1283.3323531002236), np.float64(1123.572037732468), np.float64(82.01834999924831)), (np.float64(1754.9155302279369), np.float64(1554.905356847873), np.float64(85.07381531918122)), (np.float64(263.5677965290086), np.float64(1761.7989263496927), np.float64(62.26951747319482))]",0.0,0.7436529064367818,4,0,0,0.9230739906014946,102.14351184450932
10,11.788851287029555,307113.2544968386,15,63.33333333333333,3130.3604059494737,5.454545454545454,51.68741711325723,0.0,106.66666666666667,0.0,"[(np.float64(1477.0832647075888), np.float64(858.7522162458818), np.float64(89.8698752125557)), (np.float64(1282.6802442978437), np.float64(1122.90057248484), np.float64(79.7713176113711)), (np.float64(1756.0276303804837), np.float64(1550.7220142117703), np.float64(84.87030608827294)), (np.float64(259.47249681973096), np.float64(1763.7845601484892), np.float64(59.80918721297467))]",-4.87,0.7431903279646508,4,0,0,0.9251569442622831,92.21055723497622
11,11.771179093959203,349829.76054767874,2,64.16666666666667,3451.4155441490866,5.454545454545454,32.818138705569424,0.0,0.0,0.0,"[(np.float64(1475.7821036827113), np.float64(858.0750948496822), np.float64(88.75262616240168)), (np.float64(1282.058295356103), np.float64(1125.3685907226418), np.float64(79.33188101191112)), (np.float64(1759.29036598426), np.float64(1548.4573760852725), np.float64(87.80971822820557)), (np.float64(257.56572577107556), np.float64(1765.3981742299716), np.float64(58.51779651199686))]",-4.87,0.7427291637892718,4,0,0,0.9223283507579777,105.35828526316804
12,12.080179408814358,350908.3310665992,6,65.83333333333333,3771.6921118297796,5.454545454545454,40.337543117486426,0.0,133.33333333333331,0.0,"[(np.float64(1475.6927248703157), np.float64(856.7851848335215), np.float64(89.41893586904902)), (np.float64(1286.1109183131218), np.float64(1123.5154125457857), np.float64(78.99914995271483)), (np.float64(1761.407085220994), np.float64(1550.8928908268622), np.float64(87.6780599425815)), (np.float64(256.6363434689324), np.float64(1767.581626619048), np.float64(59.650021255129246))]",-4.87,0.7422700857639981,4,0,0,0.9181560505474538,106.16336552949701
13,14.170741445436557,450582.94166457216,9,65.83333333333333,3991.7940689125007,5.454545454545454,39.23517529502303,0.0,44.44444444444444,0.0,"[(np.float64(1473.2633927821614), np.float64(858.2918920303398), np.float64(91.04642793658958)), (np.float64(1284.2166525695943), np.float64(1121.6726147429383), np.float64(80.21371890469636)), (np.float64(1760.5487297890168), np.float64(1553.411170869483), np.float64(85.90601502277842)), (np.float64(256.52085282510114), np.float64(1766.3107446376935), np.float64(57.25219506010146))]",-4.87,0.7418085060644535,4,0,0,0.9231593990891467,135.5799749898581
14,10.629138122219809,401152.123245606,28,64.16666666666667,4262.926844414188,5.454545454545454,33.33517174938285,0.0,157.14285714285714,0.0,"[(np.float64(1476.4457203147217), np.float64(859.0799312973799), np.float64(91.07755510160827)), (np.float64(1285.1584015962596), np.float64(1119.3410274215528), np.float64(81.86417115837541)), (np.float64(1765.0859230384433), np.float64(1554.5778891760042), np.float64(89.18459845854169)), (np.float64(260.39874690820614), np.float64(1767.261117593373), np.float64(59.5600746094887))]",-4.87,0.7413446516621,4,0,0,0.9277088047068065,120.1143556907584
15,10.592771221627773,409559.16501445015,6,64.16666666666667,4524.5525781470305,5.454545454545454,29.41137910026081,0.0,166.66666666666669,0.0,"[(np.float64(1479.6146770578862), np.float64(858.8164676651171), np.float64(89.7973897571275)), (np.float64(1281.6489556809952), np.float64(1117.6237027547163), np.float64(81.86032250052595)), (np.float64(1767.53839754766), np.float64(1551.8262970876224), np.float64(88.36548692838842)), (np.float64(259.6903935892463), np.float64(1768.3789283872602), np.float64(61.07587859819268))]",-4.87,0.740884320636316,4,0,0,0.9206620515679338,123.5702444045415
16,8.038319651829998,369410.58697272104,5,60.83333333333333,4826.726889921602,5.454545454545454,42.38389865587486,0.0,160.0,0.0,"[(np.float64(1478.5083870764154), np.float64(859.3883356698155), np.float64(88.59683541523758)), (np.float64(1282.3787148307067), np.float64(1115.8687067687079), np.float64(81.17722175191578)), (np.float64(1765.9953470637809), np.float64(1554.196648763344), np.float64(91.0125774099451)), (np.float64(260.5872486466376), np.float64(1766.9642221342965), np.float64(63.88679584518763))]",-4.87,0.7404232572250928,4,0,0,0.9221268224463288,111.27976048309719
17,9.239024883100448,375959.8395707132,6,57.49999999999999,5121.951949098182,5.454545454545454,34.511706215061594,0.0,166.66666666666669,0.0,"[(np.float64(1477.2978102063128), np.float64(861.0488757464046), np.float64(92.33707708994399)), (np.float64(1283.7557218985344), np.float64(1117.0913111629418), np.float64(81.50922465992203)), (np.float64(1768.1838750008), np.float64(1553.8677218103576), np.float64(93.08518509721827)), (np.float64(259.78168525503435), np.float64(1766.8493282897593), np.float64(67.14139819953792))]",-4.87,0.7399610673678203,4,0,0,0.9243797145451706,112.9766124530628
18,8.57467054335078,341984.2764256092,5,59.166666666666664,5451.702571419865,5.454545454545454,23.916847788308555,0.0,200.0,0.0,"[(np.float64(1476.7022893656113), np.float64(860.3951851028436), np.float64(89.6892709427956)), (np.float64(1284.0519226541564), np.float64(1118.5843889886962), np.float64(76.74855842846708)), (np.float64(1769.8102387241127), np.float64(1558.5941047888884), np.float64(94.46667003022921)), (np.float64(260.9597248814417), np.float64(1768.4712921100281), np.float64(66.94295114802556))]",-4.87,0.7394981270326564,4,0,0,0.9258806703277698,102.60029762454994
19,7.813616495556318,426603.7719614518,13,56.666666666666664,5697.383698205706,5.454545454545454,34.27958290690018,0.0,184.6153846153846,0.0,"[(np.float64(1476.3641131198071), np.float64(858.0761028589832), np.float64(90.8941888165281)), (np.float64(1281.9021790404051), np.float64(1121.549169594874), np.float64(76.92965676446516)), (np.float64(1765.3632978267203), np.float64(1561.5445545870234), np.float64(90.45510221061275)), (np.float64(259.90629091806613), np.float64(1764.3476285886015), np.float64(67.3107286659096))]",-4.87,0.7390348461333168,4,0,0,0.9265617986793718,127.89330181318661
20,7.802239701239633,375675.65242173476,8,59.166666666666664,5993.792944531265,5.454545454545454,27.500704749987005,0.0,150.0,0.6211180124223725,"[(np.float64(1473.8296835241777), np.float64(855.8123242394713), np.float64(87.91674039803122)), (np.float64(1283.4375315526154), np.float64(1119.859151545839), np.float64(75.3867992021839)), (np.float64(1768.6496984444316), np.float64(1559.5883842113722), np.float64(87.8868544686729)), (np.float64(259.02604728219507), np.float64(1767.4550841804535), np.float64(69.14469200628626))]",-3.3000000000000003,0.73857056558235,4,0,0,0.9285611019336713,112.3828552344211
21,9.554514963130911,422812.1683409286,3,58.333333333333336,6242.3156749376285,5.454545454545454,30.66708249522948,0.0,133.33333333333331,62.732919254658384,"[(np.float64(1474.7238006658288), np.float64(857.4799764715749), np.float64(87.04287795794308)), (np.float64(1284.1569585644006), np.float64(1117.9196221106326), np.float64(79.2005695265165)), (np.float64(1768.7175843394007), np.float64(1555.3357212840724), np.float64(89.11894346897023)), (np.float64(258.9273996440802), np.float64(1767.5610274499134), np.float64(71.2929762786368))]",-3.3000000000000003,0.7381087021698478,4,0,0,0.9237268250042867,127.14562504840305
22,10.276444311538686,469706.6753769132,7,65.83333333333333,6443.893898308008,5.454545454545454,31.002041155576464,0.0,85.71428571428571,13.043478260869568,"[(np.float64(1474.4601841459912), np.float64(857.9553607340031), np.float64(85.7279934425629)), (np.float64(1279.845002188339), np.float64(1120.0039871759243), np.float64(80.00831503808908)), (np.float64(1767.0170636779283), np.float64(1554.9311319785347), np.float64(92.07965582108093)), (np.float64(260.85547611816105), np.float64(1770.810247164138), np.float64(72.98309642691726))]",-3.3000000000000003,0.7376466959723155,4,0,0,0.9240123950647771,141.20381630209647
23,5.0807695716909835,372645.36778427433,17,52.5,6744.433429271026,5.454545454545454,21.42738587664328,0.0,176.47058823529412,-111.18012422360249,"[(np.float64(1474.4543366296357), np.float64(859.3275973297791), np.float64(85.30614001085306)), (np.float64(1280.2176643078021), np.float64(1117.1216431095982), np.float64(82.38953765003818)), (np.float64(1766.7059302401933), np.float64(1555.0711816782837), np.float64(90.99057976114906)), (np.float64(258.99779802940134), np.float64(1775.2711825078666), np.float64(74.87457448990682))]",-3.3000000000000003,0.7371859634250612,4,0,0,0.9214650945085636,112.33480549526821
24,6.123490542242875,393062.7208299249,5,50.83333333333333,7023.255607188392,5.454545454545454,26.39401684516203,0.0,200.0,37.88819875776398,"[(np.float64(1471.2888058403553), np.float64(858.8491903159919), np.float64(82.5658423622397)), (np.float64(1281.4320941969913), np.float64(1117.28984681657), np.float64(80.01780703551738)), (np.float64(1768.8218477692344), np.float64(1554.8568046232306), np.float64(93.02771568140315)), (np.float64(257.8207229961649), np.float64(1772.8630380600082), np.float64(71.98888198712278))]",-3.3000000000000003,0.7367223692164263,4,0,0,0.9271884172697842,117.75825397056734
25,5.028283560998849,375992.73080860823,4,58.333333333333336,7319.497775127074,5.454545454545454,29.772502098898975,0.0,150.0,50.310559006211186,"[(np.float64(1467.9956708533282), np.float64(858.3873947325803), np.float64(82.62935746046118)), (np.float64(1276.38726536391), np.float64(1114.8182558923447), np.float64(78.38092801139564)), (np.float64(1769.0664828868153), np.float64(1556.0949799665252), np.float64(91.53154472491886)), (np.float64(257.325753260041), np.float64(1772.9992904961928), np.float64(72.27209373063907))]",-3.3000000000000003,0.7362627088465374,4,0,0,0.9193207397774932,113.608255210137
26,6.501727944936795,376291.41335156804,8,58.333333333333336,7615.2912605227975,5.454545454545454,29.831149364681337,0.0,150.0,0.6211180124223725,"[(np.float64(1466.1412409110055), np.float64(855.249460094445), np.float64(83.00306480462488)), (np.float64(1277.2248925688652), np.float64(1110.9996014524113), np.float64(77.876653425122)), (np.float64(1767.6516805749566), np.float64(1553.2262789675972), np.float64(91.05656774693287)), (np.float64(255.7681849043231), np.float64(1776.6346412475334), np.float64(75.37353637222668))]",-3.3000000000000003,0.7358007094184245,4,0,0,0.9239988562261345,113.12285929072276
27,5.784770785818216,400385.5027485208,18,57.49999999999999,7888.040656521569,5.454545454545454,28.589274313007326,0.0,177.77777777777777,-123.60248447204967,"[(np.float64(1466.1606429882927), np.float64(859.0967541789471), np.float64(81.4035852016796)), (np.float64(1273.6040687005652), np.float64(1117.6492578874786), np.float64(78.48541326984345)), (np.float64(1767.8294543439918), np.float64(1551.8501436551994), np.float64(93.85144827769504)), (np.float64(260.78115110791896), np.float64(1774.7561433163812), np.float64(75.4262817915067))]",-3.3000000000000003,0.7353368540271707,4,0,0,0.9277107825072639,119.88455594677924
28,8.83996454446082,481730.7967839974,15,65.83333333333333,8078.444758484862,5.454545454545454,23.798352694878016,0.0,186.66666666666666,-86.33540372670805,"[(np.float64(1465.582757669837), np.float64(859.3253921863834), np.float64(81.55875335324369)), (np.float64(1271.4614136732916), np.float64(1119.4250458659085), np.float64(79.76391046355083)), (np.float64(1769.004933772739), np.float64(1551.1881609506768), np.float64(96.61076889943118)), (np.float64(259.92827811584), np.float64(1777.1022097100883), np.float64(81.19955986057265))]",-3.3000000000000003,0.7348741345279265,4,0,0,0.9254389984884989,144.59527903657937
29,6.102912478463066,425190.23561277764,2,53.333333333333336,8325.139421619375,5.454545454545454,19.4424625302262,0.0,100.0,75.15527950310559,"[(np.float64(1464.850823443926), np.float64(860.1588075568245), np.float64(82.862618103964)), (np.float64(1272.6569772870682), np.float64(1119.429305048702), np.float64(81.13666312880153)), (np.float64(1769.10387136835), np.float64(1548.0348337062949), np.float64(97.89171218247809)), (np.float64(257.90439685047727), np.float64(1776.6366366596392), np.float64(80.20755534304585))]",-3.3000000000000003,0.7344147793920031,4,0,0,0.9187102718468395,128.55891830173994
30,7.217462691364315,387148.84044073796,2,55.00000000000001,8609.625479925928,5.454545454545454,26.168952685916494,0.0,100.0,75.15527950310559,"[(np.float64(1464.2014016776382), np.float64(859.0547299025898), np.float64(80.89291068374648)), (np.float64(1275.9942035818822), np.float64(1119.4275788940058), np.float64(81.70486560918721)), (np.float64(1768.4062421990084), np.float64(1551.0675627535886), np.float64(96.09755139991603)), (np.float64(258.8390935560957), np.float64(1777.2147269501575), np.float64(80.64973638880653))]",-2.7399999999999998,0.7339550073727343,4,0,0,0.9195440385376565,116.95072781711879
31,6.970884483162139,391581.02896470565,3,57.49999999999999,8889.779349708513,5.454545454545454,32.4602635624416,0.0,133.33333333333331,62.732919254658384,"[(np.float64(1465.031602615742), np.float64(857.8038795106157), np.float64(82.8547258822743)), (np.float64(1273.440205981959), np.float64(1119.2942657553028), np.float64(80.90343065858208)), (np.float64(1773.039798197224), np.float64(1549.6564380778368), np.float64(100.66909158430691)), (np.float64(258.8692274602281), np.float64(1778.6401534763834), np.float64(81.45824172620786))]",-2.7399999999999998,0.733492271123017,4,0,0,0.9254724994346992,117.53186411502492
32,6.253194632652695,403774.950822988,15,60.0,9158.439297632816,5.454545454545454,34.712369310239104,0.0,186.66666666666666,-86.33540372670805,"[(np.float64(1464.8652218445231), np.float64(859.2223872802494), np.float64(81.66604377023839)), (np.float64(1275.039306088588), np.float64(1120.506494179612), np.float64(80.3645942525385)), (np.float64(1772.058179753313), np.float64(1549.9643918715599), np.float64(98.26072978201742)), (np.float64(258.58563451468245), np.float64(1772.2281601660377), np.float64(77.02420465810613))]",-2.7399999999999998,0.7330290078769861,4,0,0,0.9265264920616177,121.05396825985417
33,7.159956697110235,436669.39708413195,7,57.49999999999999,9393.754799295975,5.454545454545454,37.84819214329019,0.0,142.85714285714286,13.043478260869568,"[(np.float64(1463.6529666343763), np.float64(862.561124914453), np.float64(83.37133939238723)), (np.float64(1273.5952449246395), np.float64(1120.5373663750145), np.float64(82.51971529010059)), (np.float64(1777.6902840957189), np.float64(1549.9169382822356), np.float64(100.61553755992949)), (np.float64(256.12101105533264), np.float64(1773.4164511209608), np.float64(77.67692775133753))]",-2.7399999999999998,0.7325658920125778,4,0,0,0.9262317288167066,130.9575681460982
34,7.36680155612339,413246.3324322251,7,59.166666666666664,9652.49336561104,5.454545454545454,42.84346925664335,0.0,28.57142857142857,13.043478260869568,"[(np.float64(1463.4956851668767), np.float64(863.17004071821), np.float64(84.56234013781342)), (np.float64(1273.0664649773416), np.float64(1120.1421385260999), np.float64(82.79053055740914)), (np.float64(1778.490767587178), np.float64(1551.0348704693722), np.float64(98.03287218477332)), (np.float64(254.40138927491924), np.float64(1775.182320740488), np.float64(76.07609741417993))]",-2.7399999999999998,0.7321070568523451,4,0,0,0.9176703204655519,125.08920179482845
35,7.712518233509944,500983.42304526235,3,62.5,9823.14484131307,5.454545454545454,40.429625284095245,0.0,66.66666666666666,62.732919254658384,"[(np.float64(1463.406263095174), np.float64(860.7111521875202), np.float64(81.71260107609243)), (np.float64(1271.0166259693108), np.float64(1121.2313648274426), np.float64(83.3518781598416)), (np.float64(1783.3882220068035), np.float64(1549.3508987220648), np.float64(98.37913329892741)), (np.float64(249.91838827929254), np.float64(1774.128077550942), np.float64(77.421839728187))]",-2.7399999999999998,0.7316446661158474,4,0,0,0.9247814729950946,150.48102283700862
36,9.72109421284972,469292.4223155082,5,66.66666666666666,10025.387317744853,5.454545454545454,45.834507916645,0.0,120.0,37.88819875776398,"[(np.float64(1463.1870071267756), np.float64(860.3197324686414), np.float64(79.15889672293089)), (np.float64(1268.98368997971), np.float64(1122.9164282547345), np.float64(83.80962538624502)), (np.float64(1783.121018505388), np.float64(1543.2682082027443), np.float64(98.4141615367578)), (np.float64(252.48739309932057), np.float64(1773.185204690967), np.float64(80.0420716317251))]",-2.7399999999999998,0.7311829888410468,4,0,0,0.9233545496013611,141.17979518813442
37,6.168688118206705,388123.5752952543,11,57.49999999999999,10309.648641196889,5.454545454545454,35.40909413842762,0.0,181.8181818181818,-36.645962732919244,"[(np.float64(1461.792660448421), np.float64(861.5661513002984), np.float64(79.3140250873028)), (np.float64(1270.3916044817029), np.float64(1118.4083945168297), np.float64(87.92589198185652)), (np.float64(1781.0658216766165), np.float64(1539.721109154688), np.float64(96.71994659527017)), (np.float64(250.70173525051212), np.float64(1774.0303757097743), np.float64(78.86205955396603))]",-2.7399999999999998,0.7307199704681613,4,0,0,0.9260367457709208,116.42313843488873
38,8.017778101339983,449496.24742833176,4,64.16666666666667,10532.187292515848,5.454545454545454,42.80283098404812,0.0,100.0,50.310559006211186,"[(np.float64(1459.006631948513), np.float64(861.2743514791916), np.float64(79.65387638160722)), (np.float64(1269.6872234759908), np.float64(1121.8421306314988), np.float64(89.67906364860544)), (np.float64(1779.2215939572975), np.float64(1541.8776644704024), np.float64(96.33247804619418)), (np.float64(253.7960435071473), np.float64(1774.7800658379522), np.float64(81.07346202426811))]",-2.7399999999999998,0.7302587977951083,4,0,0,0.922345346106168,135.37236270254886
39,7.120965135572393,424539.4942017688,1,63.33333333333333,10779.33269706137,5.454545454545454,32.596591033887286,0.0,0.0,87.5776397515528,"[(np.float64(1459.726624436186), np.float64(863.3748917746973), np.float64(80.38026943522792)), (np.float64(1267.601905220922), np.float64(1119.324619957105), np.float64(87.94070865475601)), (np.float64(1780.0575943293118), np.float64(1540.0402131847893), np.float64(93.31255721419889)), (np.float64(253.04899844158777), np.float64(1774.2932339677866), np.float64(82.11066592738642))]",-2.7399999999999998,0.7297979909875184,4,0,0,0.9216136151796903,127.95778549265066
40,8.474666052902757,427842.9151787048,16,64.16666666666667,11023.624680629957,5.454545454545454,22.025597159917282,0.0,37.5,-98.75776397515526,"[(np.float64(1456.5879962815857), np.float64(864.9236136060382), np.float64(80.31645808955656)), (np.float64(1260.0975721691336), np.float64(1119.951002497275), np.float64(84.57612009542869)), (np.float64(1781.3268422969008), np.float64(1538.410906409925), np.float64(93.18188155685289)), (np.float64(255.14501807722075), np.float64(1777.0611080741633), np.float64(79.79925039934578))]",-3.38,0.7293342332920584,4,0,0,0.9275153909199645,128.13291874157383
41,12.101915310558471,537180.3933350141,3,65.83333333333333,11157.379186042235,5.454545454545454,62.33421154817665,0.0,200.0,62.732919254658384,"[(np.float64(1458.5122934953454), np.float64(866.6898576720084), np.float64(79.53803193049137)), (np.float64(1257.9217102544776), np.float64(1120.9361432177604), np.float64(87.13285614897416)), (np.float64(1779.334340968722), np.float64(1534.8807207441032), np.float64(97.20770429913347)), (np.float64(254.99675415582152), np.float64(1774.7079477835746), np.float64(80.24944035299026))]",-3.38,0.7288712760923832,4,0,0,0.9259143993500731,161.15612418505697
42,8.210065465775184,491533.1495279686,9,70.0,11337.680935261556,5.454545454545454,68.54008215589683,0.0,177.77777777777777,-11.801242236024834,"[(np.float64(1456.2785017344484), np.float64(865.5808804732542), np.float64(80.89724566743661)), (np.float64(1259.1391105134942), np.float64(1120.716389104057), np.float64(86.61521682752043)), (np.float64(1782.8774029158392), np.float64(1534.5564711664383), np.float64(96.55146814146306)), (np.float64(254.98028466197704), np.float64(1774.088465009827), np.float64(81.66495992187117))]",-3.38,0.7284124609881203,4,0,0,0.9176302085257766,148.79303744734543
43,11.162771089397195,550710.8377058295,3,70.83333333333334,11458.304996303017,5.454545454545454,75.69638428658038,0.0,133.33333333333331,62.732919254658384,"[(np.float64(1458.0126580491803), np.float64(866.0848331157268), np.float64(83.21229006291725)), (np.float64(1261.142775894524), np.float64(1121.5377770611235), np.float64(88.8624539547267)), (np.float64(1786.2232226518415), np.float64(1534.0165562209786), np.float64(95.18875425411875)), (np.float64(253.7634591948222), np.float64(1772.562114923782), np.float64(81.00571676061125))]",-3.38,0.7279512306062986,4,0,0,0.922460763643579,165.83386386195437
44,8.769581452593293,455975.95954662404,4,66.66666666666666,11674.013935503684,5.454545454545454,57.07277668466855,0.0,150.0,50.310559006211186,"[(np.float64(1457.5086963370704), np.float64(863.9917770563081), np.float64(81.79802955494239)), (np.float64(1259.5728337687656), np.float64(1118.9113479059938), np.float64(90.68037565283893)), (np.float64(1783.9299361725975), np.float64(1533.9218712812858), np.float64(94.99724459218127)), (np.float64(248.92079817911997), np.float64(1773.214980045768), np.float64(79.07492698946717))]",-3.38,0.7274895700796497,4,0,0,0.9233210532977347,137.1787075693467
45,8.581136652255699,501571.8564686496,13,61.66666666666667,11844.776977782327,5.454545454545454,56.82651739252556,0.0,200.0,-61.490683229813655,"[(np.float64(1459.0654939330077), np.float64(864.121810555055), np.float64(85.15912067767312)), (np.float64(1257.6009915771479), np.float64(1117.0201685170266), np.float64(88.72936880046784)), (np.float64(1788.4470382242062), np.float64(1536.0954729807959), np.float64(90.37720058883235)), (np.float64(250.81562327851623), np.float64(1773.0981470290367), np.float64(80.89177362067744))]",-3.38,0.7270239642547025,4,0,0,0.9312116498945111,149.61745345595597
46,7.8373240532118995,448858.84713999514,5,59.166666666666664,12067.953029389624,5.454545454545454,55.039868495704624,0.0,80.0,37.88819875776398,"[(np.float64(1457.592396860428), np.float64(863.2705794804788), np.float64(85.82207002634817)), (np.float64(1258.3338735354027), np.float64(1116.6657516180528), np.float64(87.61071733086894)), (np.float64(1787.2473638147524), np.float64(1538.4791602016003), np.float64(90.01782815566747)), (np.float64(249.2562552238729), np.float64(1770.371158827506), np.float64(81.81199194280902))]",-3.38,0.7265655917567286,4,0,0,0.9167449959475434,136.00621071901384
47,8.116288472955754,445663.41967199097,8,61.66666666666667,12294.074508464924,5.454545454545454,49.18301151106058,0.0,150.0,0.6211180124223725,"[(np.float64(1455.6655990286656), np.float64(862.9081320260012), np.float64(88.21104613723514)), (np.float64(1256.7758808632843), np.float64(1117.6876129888772), np.float64(89.8554060235863)), (np.float64(1788.3055830250103), np.float64(1536.7996638025677), np.float64(90.7891583217592)), (np.float64(246.818386448961), np.float64(1769.9454512561638), np.float64(81.03415420510348))]",-3.38,0.7261050688302111,4,0,0,0.9210458530351396,134.40741733474565
48,8.761992911191928,550408.703730383,4,64.16666666666667,12415.250703481837,5.454545454545454,40.374264895131226,0.0,0.0,50.310559006211186,"[(np.float64(1453.3427772934667), np.float64(863.0133252149337), np.float64(85.5471514926805)), (np.float64(1258.806075536342), np.float64(1120.213120495163), np.float64(90.07926415251421)), (np.float64(1787.3679389154988), np.float64(1537.4132088282931), np.float64(85.04116530064155)), (np.float64(247.1822221611057), np.float64(1769.264814053129), np.float64(85.05678372375426))]",-3.38,0.7256403930659912,4,0,0,0.9293515284399053,164.5139669038156
49,9.79042549538178,512912.4348914132,4,60.83333333333333,12573.473167337714,5.454545454545454,56.21332782073612,0.0,50.0,50.310559006211186,"[(np.float64(1451.1207081160587), np.float64(862.8834912910239), np.float64(89.10713478256893)), (np.float64(1260.5519925765986), np.float64(1120.996549609178), np.float64(90.18633247958648)), (np.float64(1787.7837636081078), np.float64(1534.0893349047096), np.float64(85.65219319690765)), (np.float64(246.4930880941558), np.float64(1772.5351724745399), np.float64(82.07036217085803))]",-3.38,0.7251780573909217,4,0,0,0.9246713501388812,154.08250329949848
